country,year,inflation,broad_money_growth,gdp_growth,exchange_rate,depreciation_rate,fitted_selected,residuals_selected,fitted_fe,residuals_fe
Algeria,2011,4.52,19.91,3,72.93788333,-1.946737726,7.450634793,-2.930634793,7.450634793,-2.930634793
Algeria,2012,8.89,10.94,2.4,77.53596667,6.304108551,6.737621986,2.152378014,6.737621986,2.152378014
Algeria,2013,3.25,8.41,2.6,79.3684,2.363333313,4.120081923,-0.870081923,4.120081923,-0.870081923
Algeria,2014,2.92,14.42,4.1,80.57901667,1.525313185,6.203006854,-3.283006854,6.203006854,-3.283006854
Algeria,2015,4.78,0.3,3.2,100.6914333,24.95986854,9.010581225,-4.230581225,9.010581225,-4.230581225
Algeria,2016,6.4,0.82,3.9,109.4430667,8.691537217,3.003625911,3.396374089,3.003625911,3.396374089
Algeria,2017,5.59,8.38,1.5,110.9730167,1.397941456,3.905671949,1.684328051,3.905671949,1.684328051
Algeria,2018,4.27,11.1,1.4,116.5937917,5.064992524,6.488134103,-2.218134103,6.488134103,-2.218134103
Algeria,2019,1.95,-0.76,0.9,119.3535583,2.366992753,0.37459267,1.57540733,0.37459267,1.57540733
Algeria,2020,2.42,7.45,-5,126.7768,6.219539497,6.277042687,-3.857042687,6.277042687,-3.857042687
Algeria,2021,7.23,13.18,3.8,135.0640583,6.536888689,7.595175965,-0.365175965,7.595175965,-0.365175965
Algeria,2022,9.27,14.33,3.6,141.994975,5.131577406,7.596534712,1.673465288,7.596534712,1.673465288
Algeria,2023,9.32,5.99,4.1,135.8429333,-4.332577051,0.32031228,8.99968772,0.32031228,8.99968772
Algeria,2024,4.05,9.03,3.7,134.0532417,-1.317471256,2.840924591,1.209075409,2.840924591,1.209075409
Egypt,2011,10.06,6.66,1.76,5.932827652,5.529845083,4.674387558,5.385612442,4.674387558,5.385612442
Egypt,2012,7.11,12.35,2.23,6.056058333,2.077098615,5.784623048,1.325376952,5.784623048,1.325376952
Egypt,2013,9.47,18.89,2.19,6.870325,13.44548917,12.92570908,-3.455709077,12.92570908,-3.455709077
Egypt,2014,10.07,15.77,2.92,7.077608561,3.017085233,7.527979506,2.542020494,7.527979506,2.542020494
Egypt,2015,10.37,18.6,4.37,7.691258333,8.670298261,10.67792248,-0.307922479,10.67792248,-0.307922479
Egypt,2016,13.81,39.51,4.35,10.02540079,30.34799191,27.96586222,-14.15586222,27.96586222,-14.15586222
Egypt,2017,29.51,20.45,4.18,17.78253352,77.37478922,37.40199679,-7.891996786,37.40199679,-7.891996786
Egypt,2018,14.4,13.3,5.33,17.76729042,-0.085719507,4.925985078,9.474014922,4.925985078,9.474014922
Egypt,2019,9.15,13.28,5.55,16.77058184,-5.609795058,2.803174814,6.346825186,2.803174814,6.346825186
Egypt,2020,5.04,19.71,3.55,15.75917292,-6.0308517,5.743223871,-0.703223871,5.743223871,-0.703223871
Egypt,2021,5.21,18.33,3.29,15.64452728,-0.727485133,7.17840223,-1.96840223,7.17840223,-1.96840223
Egypt,2022,13.9,27.14,6.59,19.16043974,22.47375326,19.27479193,-5.374791932,19.27479193,-5.374791932
Egypt,2023,33.88,19.92,3.76,30.6264137,59.84191446,30.62615905,3.253840955,30.62615905,3.253840955
Egypt,2024,28.27,31.08,2.4,45.29926,47.90912329,31.19598291,-2.925982905,31.19598291,-2.925982905
Jordan,2011,4.16,2.7,2.74,0.71,0,0.719405716,3.440594284,0.719405716,3.440594284
Jordan,2012,4.52,-2.04,2.43,0.71,0,-1.301354117,5.821354117,-1.301354117,5.821354117
Jordan,2013,4.82,14.16,2.61,0.71,0,5.734926709,-0.914926709,5.734926709,-0.914926709
Jordan,2014,2.9,-4.16,3.38,0.71,0,-2.365929185,5.265929185,-2.365929185,5.265929185
Jordan,2015,-0.88,7.54,2.5,0.71,0,2.864989247,-3.744989247,2.864989247,-3.744989247
Jordan,2016,-0.78,4.34,1.99,0.71,0,1.5451741,-2.3251741,1.5451741,-2.3251741
Jordan,2017,3.32,-0.04,2.47,0.71,0,-0.435302951,3.755302951,-0.435302951,3.755302951
Jordan,2018,4.46,0.16,1.92,0.71,0,-0.266881328,4.726881328,-0.266881328,4.726881328
Jordan,2019,0.76,5.13,1.75,0.71,0,1.925041679,-1.165041679,1.925041679,-1.165041679
Jordan,2020,0.33,5.74,-1.1,0.71,0,2.611886211,-2.281886211,2.611886211,-2.281886211
Jordan,2021,1.35,7.04,3.66,0.71,0,2.475687082,-1.125687082,2.475687082,-1.125687082
Jordan,2022,4.23,5.38,2.65,0.71,0,1.901121589,2.328878411,1.901121589,2.328878411
Jordan,2023,2.08,2.09,2.88,0.71,0,0.432782723,1.647217277,0.432782723,1.647217277
Jordan,2024,1.56,6.09,2.49,0.71,0,2.23429617,-0.67429617,2.23429617,-0.67429617
Morocco,2011,0.91,6.44,5.52,8.089875,-3.88828771,0.474211336,0.435788664,0.474211336,0.435788664
Morocco,2012,1.29,4.52,3.06,8.628444583,6.657328859,3.974265932,-2.684265932,3.974265932,-2.684265932
Morocco,2013,1.88,3.09,4.12,8.405503917,-2.583787424,-0.287996527,2.167996527,-0.287996527,2.167996527
Morocco,2014,0.44,6.2,2.72,8.406336688,0.009907449,2.252020103,-1.812020103,2.252020103,-1.812020103
Morocco,2015,1.56,5.69,4.34,9.76434828,16.15461815,7.874126997,-6.314126997,7.874126997,-6.314126997
Morocco,2016,1.64,4.74,0.52,9.807476032,0.441685925,2.103097686,-0.463097686,2.103097686,-0.463097686
Morocco,2017,0.75,5.55,5.06,9.691997889,-1.177450168,1.175630833,-0.425630833,1.175630833,-0.425630833
Morocco,2018,1.8,4.06,3.07,9.386102421,-3.156165236,0.074285434,1.725714566,0.074285434,1.725714566
Morocco,2019,0.3,3.78,2.89,9.6170761,2.460805014,2.095399481,-1.795399481,2.095399481,-1.795399481
Morocco,2020,0.71,8.36,-7.18,9.496847322,-1.25015937,4.180976668,-3.470976668,4.180976668,-3.470976668
Morocco,2021,1.4,5.09,8.15,8.988484024,-5.352969051,-1.054693582,2.454693582,-1.054693582,2.454693582
Morocco,2022,6.66,8.01,1.81,10.16066024,13.04086666,8.085903303,-1.425903303,8.085903303,-1.425903303
Morocco,2023,6.09,3.91,3.66,10.1314261,-0.287718901,1.002652853,5.087347147,1.002652853,5.087347147
Morocco,2024,0.99,8,3.79,9.942359217,-1.866142842,2.17182224,-1.18182224,2.17182224,-1.18182224
Saudi Arabia,2011,5.83,13.26,11.76,3.75,0,3.99124388,1.83875612,3.99124388,1.83875612
Saudi Arabia,2012,2.87,16.49,5.76,3.75,0,6.285556197,-3.415556197,6.285556197,-3.415556197
Saudi Arabia,2013,3.51,8.35,2.95,3.75,0,3.151674986,0.358325014,3.151674986,0.358325014
Saudi Arabia,2014,2.24,11.82,4.02,3.75,0,4.506501923,-2.266501923,4.506501923,-2.266501923
Saudi Arabia,2015,1.22,2.9,4.66,3.75,0,0.523049774,0.696950226,0.523049774,0.696950226
Saudi Arabia,2016,2.05,0.55,1.7,3.75,0,-0.064359112,2.114359112,-0.064359112,2.114359112
Saudi Arabia,2017,-0.83,0.15,1.18,3.75,0,-0.161955534,-0.668044466,-0.161955534,-0.668044466
Saudi Arabia,2018,2.47,2.69,3.23,3.75,0,0.642681143,1.827318857,0.642681143,1.827318857
Saudi Arabia,2019,-1.19,7.09,1.65,3.75,0,2.794329326,-3.984329326,2.794329326,-3.984329326
Saudi Arabia,2020,3.37,8.27,-3.8,3.75,0,4.113658413,-0.743658413,4.113658413,-0.743658413
Saudi Arabia,2021,3.06,7.42,6.52,3.75,0,2.218985173,0.841014827,2.218985173,0.841014827
Saudi Arabia,2022,2.47,8.08,12,3.75,0,1.697427405,0.772572595,1.697427405,0.772572595
Saudi Arabia,2023,2.33,7.61,0.54,3.75,0,3.184966914,-0.854966914,3.184966914,-0.854966914
Saudi Arabia,2024,1.69,8.79,2,3.75,0,3.483804918,-1.793804918,3.483804918,-1.793804918
Tunisia,2011,3.24,9.58,-2.05,1.407783333,-1.649899888,3.804624866,-0.564624866,3.804624866,-0.564624866
Tunisia,2012,4.61,8.07,4.22,1.561891667,10.94687871,6.967082043,-2.357082043,6.967082043,-2.357082043
Tunisia,2013,5.32,6.24,2.43,1.624658333,4.01863121,3.822867918,1.497132082,3.822867918,1.497132082
Tunisia,2014,4.63,7.95,3.09,1.697675,4.494278306,4.65015641,-0.02015641,4.65015641,-0.02015641
Tunisia,2015,4.44,5.41,0.97,1.961625,15.5477344,8.021057341,-3.581057341,8.021057341,-3.581057341
Tunisia,2016,3.63,8.04,1.12,2.148033333,9.502750679,6.867639573,-3.237639573,6.867639573,-3.237639573
Tunisia,2017,5.31,11.96,2.25,2.419425,12.63442531,9.589884141,-4.279884141,9.589884141,-4.279884141
Tunisia,2018,7.31,7.11,2.61,2.646866667,9.400649617,6.20365681,1.10634319,6.20365681,1.10634319
Tunisia,2019,6.72,10.95,1.55,2.934433333,10.86441828,8.585943473,-1.865943473,8.585943473,-1.865943473
Tunisia,2020,5.63,10.31,-8.98,2.812358333,-4.160087695,4.200437216,1.429562784,4.200437216,1.429562784
Tunisia,2021,5.71,8.68,4.74,2.794466667,-0.636180169,2.791467655,2.918532345,2.791467655,2.918532345
Tunisia,2022,8.31,9.13,2.75,3.1036,11.06233746,7.689821933,0.620178067,7.689821933,0.620178067
Tunisia,2023,9.33,8.95,0.18,3.106166667,0.082699671,3.85350823,5.47649177,3.85350823,5.47649177
Tunisia,2024,7.21,10.42,1.61,3.10745,0.041315652,4.267616249,2.942383751,4.267616249,2.942383751
Turkiye,2011,6.47,15.2,10.98,1.674954552,11.45197983,9.267609346,-2.797609346,9.267609346,-2.797609346
Turkiye,2012,8.89,10.42,4.81,1.796000944,7.226846356,6.502705309,2.387294691,6.502705309,2.387294691
Turkiye,2013,7.49,21.15,8.49,1.903768242,6.000403194,10.17513601,-2.685136008,10.17513601,-2.685136008
Turkiye,2014,8.85,11.18,4.6,2.188542418,14.95844766,9.778510517,-0.928510517,9.778510517,-0.928510517
Turkiye,2015,7.67,16.51,5.81,2.720008528,24.28402144,15.43767667,-7.767676674,15.43767667,-7.767676674
Turkiye,2016,7.78,17.65,3.32,3.020134748,11.03401761,11.3095141,-3.529514101,11.3095141,-3.529514101
Turkiye,2017,11.14,16.35,7.83,3.648132635,20.79370424,13.75436704,-2.61436704,13.75436704,-2.61436704
Turkiye,2018,16.33,18.38,3.47,4.828370147,32.35182572,19.63867323,-3.30867323,19.63867323,-3.30867323
Turkiye,2019,15.18,27.02,1.3,5.673819308,17.51003207,18.13327289,-2.953272889,18.13327289,-2.953272889
Turkiye,2020,12.28,34.24,1.8,7.008605416,23.52535454,23.4739151,-11.1939151,23.4739151,-11.1939151
Turkiye,2021,19.6,52.52,11.81,8.850407549,26.27915289,31.00300204,-11.40300204,31.00300204,-11.40300204
Turkiye,2022,72.31,60.34,5.44,16.54886042,86.98416235,58.22816377,14.08183623,58.22816377,14.08183623
Turkiye,2023,53.86,69.94,5.05,23.73856612,43.44532202,46.06471159,7.795288409,46.06471159,7.795288409
Turkiye,2024,58.51,36.89,3.33,32.80586144,38.19647435,29.93172453,28.57827547,29.93172453,28.57827547
